{
    "criteria": {
        "requirement": {
            "trigger": "minecraft:inventory_changed",
            "conditions": {
                "player": [
                    {
                        "condition": "minecraft:entity_properties",
                        "entity": "this",
                        "predicate": {
                            "equipment": {
                                "head": {
                                    "count": {
                                        "min": 1
                                    },
                                    "predicates": {
                                        "minecraft:custom_data": "{pkRack:1b}"
                                    }
                                }
                            }
                        }
                    }
                ]
            }
        }
    },
    "rewards": {
        "function": "pk_racks:events/player/inventory_changed/equiped_custom_block"
    }
}
