{
    "criteria": {
        "requirement": {
            "trigger": "minecraft:tick",
            "conditions": {
                "player": [
                    {
                        "condition": "inverted",
                        "term": {
                            "condition": "entity_scores",
                            "entity": "this",
                            "scores": {
                                "poft.sneak": 0
                            }
                        }
                    }
                ]
            }
        }
    },
    "rewards": {
        "function": "physics_of_falling_trees:player_setup"
    }
}