{
    "condition": "minecraft:any_of",
    "terms": [
        {
            "condition": "minecraft:all_of",
            "terms": [
                {
                    "condition": "minecraft:entity_scores",
                    "entity": "this",
                    "scores": {
                        "pk.custom_block.facing": 0
                    }
                },
                {
                    "condition": "minecraft:inverted",
                    "term": {
                        "condition": "minecraft:location_check",
                        "offsetZ": 1,
                        "predicate": {
                            "block": {
                                "blocks": "minecraft:air"
                            }
                        }
                    }
                }
            ]
        },
        {
            "condition": "minecraft:all_of",
            "terms": [
                {
                    "condition": "minecraft:entity_scores",
                    "entity": "this",
                    "scores": {
                        "pk.custom_block.facing": 1
                    }
                },
                {
                    "condition": "minecraft:inverted",
                    "term": {
                        "condition": "minecraft:location_check",
                        "offsetX": -1,
                        "predicate": {
                            "block": {
                                "blocks": "minecraft:air"
                            }
                        }
                    }
                }
            ]
        },
        {
            "condition": "minecraft:all_of",
            "terms": [
                {
                    "condition": "minecraft:entity_scores",
                    "entity": "this",
                    "scores": {
                        "pk.custom_block.facing": 2
                    }
                },
                {
                    "condition": "minecraft:inverted",
                    "term": {
                        "condition": "minecraft:location_check",
                        "offsetZ": -1,
                        "predicate": {
                            "block": {
                                "blocks": "minecraft:air"
                            }
                        }
                    }
                }
            ]
        },
        {
            "condition": "minecraft:all_of",
            "terms": [
                {
                    "condition": "minecraft:entity_scores",
                    "entity": "this",
                    "scores": {
                        "pk.custom_block.facing": 3
                    }
                },
                {
                    "condition": "minecraft:inverted",
                    "term": {
                        "condition": "minecraft:location_check",
                        "offsetX": 1,
                        "predicate": {
                            "block": {
                                "blocks": "minecraft:air"
                            }
                        }
                    }
                }
            ]
        }
    ]
}
