{
    "type": "minecraft:crafting_shaped",
    "pattern": ["PPP", "S S"],
    "key": {
        "P": {
            "item": "minecraft:warped_planks"
        },
        "S": {
            "item": "minecraft:stick"
        }
    },
    "result": {
        "id": "minecraft:player_head",
        "components": {
            "minecraft:custom_model_data": 11130447,
            "minecraft:lore": ["{\"color\":\"dark_gray\",\"italic\":false,\"text\":\"Warped Rack\"}"],
            "minecraft:item_name": "{\"color\":\"yellow\",\"italic\":false,\"text\":\"Warped Rack\"}",
            "minecraft:custom_data": {
                "pk_data": {
                    "custom_block": 1,
                    "id": "rack",
                    "from": "racks",
                    "variant": "warped",
                    "version": 30000
                }
            },
            "minecraft:profile": {
                "properties": [
                    {
                        "name": "textures",
                        "value": "eyJ0ZXh0dXJlcyI6eyJTS0lOIjp7InVybCI6Imh0dHA6Ly90ZXh0dXJlcy5taW5lY3JhZnQubmV0L3RleHR1cmUvMjVlMzVjMjBmMjUyNzczMzgwZDhjYTQ0NWQ0MjUxMWRlMmFlNDY2YTYyMWUyNjlhZWNlYzZjNzkwMzY2YmI0ZiJ9fX0="
                    }
                ]
            }
        }
    }
}
